iter,fes,curr_bestf,bestf,time,distance_history,distance_gen,distance_train,d1_loss,d1_real,d1_fake,d1_Wdistance,d2_loss,d2_real,d2_fake,d2_Wdistance,g_loss,g_d1_loss,g_d2_loss,spread_history,spread_gen,spread_train,best_x
0,80,63273758720.0,63273758720.0,0.0,0.0,0.0,0.0,0.0,0.0,0.0,0.0,0.0,0.0,0.0,0.0,0.0,0.0,0.0,0.0,0.0,0.0,"[6.8008362e+02 1.3165507e+00 7.7122383e+00 8.7302391e+01 1.3629779e+00
 1.7942206e+02 2.2177161e+02 1.3899378e+00 8.5321014e+01 2.1935219e+02
 5.8186336e+00 4.4927709e-02]"
1,95,64832421888.0,63273758720.0,0.16646456718444824,142.5369499571579,130.48411510978266,142.5369499571579,0.0,0.0,0.0,0.0,-8184.2041015625,24658.62109375,14496.203125,10162.41796875,-14673.83984375,0.0,14673.83984375,353.9816,204.21594113576347,353.9816,"[6.8008362e+02 1.3165507e+00 7.7122383e+00 8.7302391e+01 1.3629779e+00
 1.7942206e+02 2.2177161e+02 1.3899378e+00 8.5321014e+01 2.1935219e+02
 5.8186336e+00 4.4927709e-02]"
4,140,56914706432.0,56914706432.0,0.3100302219390869,143.91718944339846,104.59371111855059,143.91718944339846,0.0,0.0,0.0,0.0,-20647.271484375,49994.5078125,20610.529296875,29383.978515625,-21045.341796875,0.0,21045.341796875,351.8644,233.6593805745171,351.8644,"[8.0202692e+02 5.5568762e+00 2.7363150e+01 1.4207523e+03 5.1355624e+00
 1.1401952e+03 6.0886047e+02 5.3262882e+00 8.6946762e+01 2.7807706e+02
 4.9805191e+01 4.0051913e-01]"
5,155,32553633792.0,32553633792.0,0.32423901557922363,143.91718944339846,144.55983660502383,143.91718944339846,0.0,0.0,0.0,0.0,0.0,0.0,0.0,0.0,0.0,0.0,0.0,352.73135,217.95831921414427,352.73135,"[7.8974530e+02 4.6918635e+00 1.9534754e+01 1.1386646e+03 5.1347303e+00
 1.6757175e+02 2.9783789e+02 2.4509354e+00 8.6636497e+01 2.7059961e+02
 4.6683395e+01 1.1119124e-01]"
10,230,30407249920.0,30407249920.0,0.586930513381958,143.91718944339846,124.1037048675254,143.91718944339846,0.0,0.0,0.0,0.0,-25397.02734375,79987.796875,29414.232421875,50573.5625,-28404.294921875,0.0,28404.294921875,352.12576,195.2952653732572,352.12576,"[5.3767297e+02 5.5169101e+00 2.0292097e+01 1.4337124e+03 4.7870979e+00
 1.1212108e+03 7.0580713e+02 5.1616921e+00 8.7546089e+01 2.5998038e+02
 5.0091946e+01 4.3460169e-01]"
11,249,28913084416.0,28913084416.0,0.6013839244842529,535.8249437998161,133.10210121434523,317.3232162633444,0.0,0.0,0.0,0.0,0.0,0.0,0.0,0.0,0.0,0.0,0.0,79.51810631719368,138.66595262097334,46.91257,"[7.18862183e+02 2.96308341e+00 2.36679691e+01 4.23793837e+02
 3.18907881e+00 4.13316559e+02 7.35874878e+02 4.39000664e+00
 8.62967133e+01 4.43638733e+02 5.68079632e+01 3.10985318e-01]"
12,264,26975193088.0,26975193088.0,0.6102409362792969,556.9868231605623,126.48790865308341,556.9868231605623,0.0,0.0,0.0,0.0,0.0,0.0,0.0,0.0,0.0,0.0,0.0,80.81299226687614,96.41725276275679,80.81299226687614,"[6.96105976e+02 2.81738243e+00 2.46992955e+01 4.42552195e+02
 3.32142064e+00 3.16200070e+02 7.30857408e+02 4.40067799e+00
 8.61456255e+01 4.39655301e+02 6.53538064e+01 3.31846465e-01]"
13,279,23832698880.0,23832698880.0,0.8037290573120117,622.3968835968934,97.60068382042117,622.3968835968934,-86815.34375,-46287.44921875,-173495.703125,127208.25,-28218.3046875,82634.015625,27764.70703125,54869.30859375,167737.6875,-176520.65625,29276.5625,85.1395906966838,90.94872939323336,85.1395906966838,"[7.09186405e+02 2.76489888e+00 2.35246408e+01 4.81658845e+02
 3.19320925e+00 2.72683175e+02 7.39726375e+02 4.48529392e+00
 8.61761779e+01 4.29356487e+02 6.31550083e+01 3.41950884e-01]"
14,294,20602259456.0,20602259456.0,0.8163306713104248,668.2377663547674,138.53724446129888,668.2377663547674,0.0,0.0,0.0,0.0,0.0,0.0,0.0,0.0,0.0,0.0,0.0,87.5881892011659,145.10187920852604,87.5881892011659,"[6.84426820e+02 2.80683349e+00 2.16932526e+01 5.18713807e+02
 3.16107214e+00 2.71043674e+02 7.21617828e+02 4.46172858e+00
 8.60757052e+01 4.44501990e+02 6.71485898e+01 3.28644483e-01]"
15,309,15946941440.0,15946941440.0,0.8274285793304443,683.6521863175333,79.02856459439529,683.6521863175333,0.0,0.0,0.0,0.0,0.0,0.0,0.0,0.0,0.0,0.0,0.0,89.16006155998143,76.1321686761759,89.16006155998143,"[7.33516610e+02 2.96013518e+00 2.09929373e+01 5.40529049e+02
 3.10761897e+00 2.34149216e+02 8.00778037e+02 4.51818530e+00
 8.62049800e+01 3.88160036e+02 6.92252072e+01 3.33727473e-01]"
16,324,8202794496.0,8202794496.0,1.0161571502685547,285.07344845156257,132.48647406670673,285.07344845156257,-95383.1171875,-74801.5703125,-271272.34375,196470.78125,-30871.90234375,84909.890625,27072.396484375,57837.4921875,267183.75,-275294.625,27036.2421875,35.258946444691844,136.0174638060692,35.258946444691844,"[7.14949768e+02 1.42837238e+00 1.73469830e+01 4.42805817e+02
 3.04930830e+00 1.90900314e+02 4.12070068e+02 3.21216726e+00
 8.56327591e+01 2.30195374e+02 6.17018776e+01 3.10017407e-01]"
17,339,6515705856.0,6515705856.0,1.0264959335327148,317.050436121722,88.03842412994128,317.050436121722,0.0,0.0,0.0,0.0,0.0,0.0,0.0,0.0,0.0,0.0,0.0,37.187437448287504,120.82706420107051,37.187437448287504,"[6.77907670e+02 1.30518651e+00 1.58485241e+01 4.48318048e+02
 2.91111056e+00 2.36012714e+02 4.65467956e+02 3.25460176e+00
 8.57137327e+01 2.32898121e+02 6.50509864e+01 2.97015585e-01]"
18,354,6182831616.0,6182831616.0,1.0367579460144043,331.07270086579996,108.29707823305462,331.07270086579996,0.0,0.0,0.0,0.0,0.0,0.0,0.0,0.0,0.0,0.0,0.0,38.34003279487538,78.56032693634505,38.34003279487538,"[6.60709324e+02 1.36981570e+00 1.45051636e+01 5.29317191e+02
 2.74948395e+00 2.10686191e+02 3.91474121e+02 3.38703808e+00
 8.57101053e+01 2.19724211e+02 6.79137314e+01 3.11005732e-01]"
19,369,3749425920.0,3749425920.0,1.2193524837493896,294.4555120777574,81.68754117692586,294.4555120777574,-106830.1484375,-70442.3359375,-283508.03125,213065.6875,-26308.70703125,78623.4296875,25107.94921875,53515.48046875,278716.375,-287095.21875,27929.513671875,35.25136900360373,102.92016399455144,35.25136900360373,"[7.57899565e+02 1.50633831e+00 1.47643450e+01 5.15248665e+02
 2.78232280e+00 1.71677479e+02 3.67596881e+02 3.19086100e+00
 8.57535613e+01 2.04199171e+02 7.23637019e+01 3.12203432e-01]"
20,384,456891680.0,456891680.0,1.228285789489746,330.8458334559635,79.42893268548691,330.8458334559635,0.0,0.0,0.0,0.0,0.0,0.0,0.0,0.0,0.0,0.0,0.0,38.63455474559195,103.7490065177425,38.63455474559195,"[7.71611892e+02 1.25159908e+00 1.44686958e+01 6.03492666e+02
 2.87602845e+00 1.89090041e+02 3.33554633e+02 3.29330159e+00
 8.55962645e+01 2.00000000e+02 8.48908347e+01 3.04159729e-01]"
21,401,502285760.0,456891680.0,1.2384004592895508,284.1157653449337,71.67574465406942,391.32747978096853,0.0,0.0,0.0,0.0,0.0,0.0,0.0,0.0,0.0,0.0,0.0,27.02148143444671,108.16080786339927,40.04288957942946,"[7.71611892e+02 1.25159908e+00 1.44686958e+01 6.03492666e+02
 2.87602845e+00 1.89090041e+02 3.33554633e+02 3.29330159e+00
 8.55962645e+01 2.00000000e+02 8.48908347e+01 3.04159729e-01]"
25,461,3138.603515625,3138.603515625,1.624619722366333,171.60650501563154,71.27523417147303,171.60650501563154,-87145.0,-79165.4296875,-250796.90625,171631.46875,-21978.41015625,78392.171875,28713.138671875,49679.03125,238804.9375,-247248.140625,28144.0234375,13.887084587406315,136.0486119527379,13.887084587406315,"[7.70727680e+02 1.21240243e+00 1.52945875e+01 6.22629026e+02
 2.84363865e+00 2.38782795e+02 2.87232688e+02 3.39394599e+00
 8.56118802e+01 2.00000000e+02 9.30226723e+01 3.09731257e-01]"
31,553,3161.8740234375,3138.603515625,2.043708324432373,100.64243668712426,86.66057293362124,171.60650501563154,-87399.71875,-80252.9453125,-251385.46875,171132.53125,-29915.443359375,83059.7578125,26507.32421875,56552.43359375,240488.171875,-248420.59375,26441.38671875,6.987559580794174,82.00000058600655,13.887084587406315,"[7.70727680e+02 1.21240243e+00 1.52945875e+01 6.22629026e+02
 2.84363865e+00 2.38782795e+02 2.87232688e+02 3.39394599e+00
 8.56118802e+01 2.00000000e+02 9.30226723e+01 3.09731257e-01]"
